{
    "order": 3,
    "origins": [
        "cisco_rpg_origins:amaterasus_blessing",
        "cisco_rpg_origins:athenas_blessing",
        "cisco_rpg_origins:neptunes_blessing",
        "cisco_rpg_origins:skadis_blessing",
        "cisco_rpg_origins:ras_blessing",
        "cisco_rpg_origins:nyxs_blessing",
        "cisco_rpg_origins:boreas_blessing",
        "cisco_rpg_origins:lokis_blessing",
        "cisco_rpg_origins:susanoos_blessing",
        "cisco_rpg_origins:thors_blessing",
        "cisco_rpg_origins:zephyrus_blessing",
        "cisco_rpg_origins:no_blessing",
        "cisco_rpg_origins:astraeus__blessing",
        "cisco_rpg_origins:ares_blessing",
        "cisco_rpg_origins:hephaestus_blessing"
    ],
    "enabled": true,
    "name": "Divine Blessing",
    "allow_random": true
}